Institution Name	Institution Symbol	Institution State	Library Type	Requests Received	Requests From WorldCat	Requests Canceled	Requests Filled	Requests Filled (Loan)	Requests Filled (Copy)	Requests Unfilled	Electronic Link	Average Turnaround Time For Filled Requests (dd:hh:mm)	Average Turnaround Time For Loan Filled Requests (dd:hh:mm)	Average Turnaround Time For Copy Filled Requests (dd:hh:mm)
ABILENE PUB LIBR	TXB	TX	Public	5	0	0	1	1	0	4	0	0:00:00	0:00:00	0:00:00
ADA COMMUN LIBR	ZRK	ID	Public	2	2	0	1	1	0	1	0	0:00:00	0:00:00	0:00:00
ADELPHI UNIV	VJA	NY	Academic	1	1	0	0	0	0	1	0	0:00:00	0:00:00	0:00:00
ADRIAN COL	EEA	MI	Academic	1	1	0	0	0	0	1	0	0:00:00	0:00:00	0:00:00
AIRWAY HEIGHTS CORR CTR LIBR	XQQ	WA	State or Municipal Governments	7	7	0	4	4	0	3	0	1:06:00	1:06:00	0:00:00
ALACHUA CNTY LIBR DIST	FMG	FL	Public	4	4	0	2	2	0	3	0	0:12:00	0:12:00	0:00:00
ALASKA 1-800	ALASK	AK	State or Municipal Governments	8	8	0	2	2	0	6	0	2:12:00	2:12:00	0:00:00
ALBANY CNTY PUB LIBR	W8A	WY	Public	2	2	0	2	2	0	0	0	2:12:00	2:12:00	0:00:00
ALBUQUERQUE BERNALILLO CNTY LIBR	QUE	NM	Public	1	1	0	0	0	0	1	0	0:00:00	0:00:00	0:00:00
ALLEN CNTY PUB LIBR	IMF	IN	Public	7	7	0	0	0	0	7	0	0:00:00	0:00:00	0:00:00
ALOHA COM LIBR	ALOHA	OR	Public	1	1	0	0	0	0	1	0	0:00:00	0:00:00	0:00:00
AMES PUB LIBR	UIB	IA	Public	2	2	0	2	2	0	0	0	0:00:00	0:00:00	0:00:00
AMHERST COL	AMH	MA	Academic	1	1	0	0	0	0	1	0	0:00:00	0:00:00	0:00:00
ANACORTES PUB LIBR	XFG	WA	Public	3	3	0	2	2	0	1	0	0:00:00	0:00:00	0:00:00
ANDERSON CNTY LIBR	SAL	SC	Public	2	2	0	0	0	0	3	0	0:00:00	0:00:00	0:00:00
ANDERSON PUB LIBR	IAM	IN	Public	1	1	0	1	1	0	0	0	2:00:00	2:00:00	0:00:00
ANNE ARUNDEL CNTY PUB LIBR	A2A	MD	Public	2	2	0	0	0	0	2	0	0:00:00	0:00:00	0:00:00
ANTIOCH UNIV LIBR	ANTCH	OH	Academic	1	1	0	0	0	0	1	0	0:00:00	0:00:00	0:00:00
ANYTHINK	BYV	CO	Public	2	2	0	0	0	0	2	0	0:00:00	0:00:00	0:00:00
ARAPAHOE LIBR DIST	CO2	CO	Public	5	5	0	0	0	0	5	0	0:00:00	0:00:00	0:00:00
ARLINGTON HEIGHTS MEM LIBR	JBL	IL	Public	4	4	0	2	2	0	2	0	0:12:00	0:12:00	0:00:00
ASOTIN CNTY LIBR	XYT	WA	Public	1	1	0	0	0	0	1	0	0:00:00	0:00:00	0:00:00
AURORA PUB LIBR	JSE	IL	Public	2	2	0	1	1	0	1	0	3:00:00	3:00:00	0:00:00
AURORA PUB LIBR	COB	CO	Public	1	1	0	0	0	0	1	0	0:00:00	0:00:00	0:00:00
AUSTRALIAN NAT UNIV	ANV	AS	Academic	1	1	0	0	0	0	1	0	0:00:00	0:00:00	0:00:00
AVON LAKE PUB LIBR	OH9WF	OH	Public	2	2	0	0	0	0	1	0	0:00:00	0:00:00	0:00:00
BABSON COL	BAB	MA	Academic	1	1	0	0	0	0	1	0	0:00:00	0:00:00	0:00:00
BALTIMORE CNTY PUB LIBR	B@L	MD	Public	3	3	0	0	0	0	3	0	0:00:00	0:00:00	0:00:00
BANGOR PUB LIBR	BYN	ME	Public	1	1	0	1	1	0	0	0	5:00:00	5:00:00	0:00:00
BANKS PUB LIBR	OQV	OR	Public	2	2	0	0	0	0	2	0	0:00:00	0:00:00	0:00:00
BARD COL	VVP	NY	Academic	1	1	0	1	1	0	0	0	1:00:00	1:00:00	0:00:00
BARIGHT PUB LIBR	RLN	NE	Public	2	2	0	1	1	0	1	0	4:00:00	4:00:00	0:00:00
BARRINGTON AREA LIBR	GK6	IL	Public	1	1	0	0	0	0	1	0	0:00:00	0:00:00	0:00:00
BARTLETT PUB LIBR	JSQ	IL	Public	1	1	0	1	1	0	0	0	0:00:00	0:00:00	0:00:00
BEAVER PUB LIBR	UTBPL	UT	Public	1	1	0	0	0	0	1	0	0:00:00	0:00:00	0:00:00
BEAVERTON CITY LIBR	OXO	OR	Public	21	21	0	11	11	0	10	0	0:19:41	0:19:41	0:00:00
BEDFORD PUB LIBR	XPB	IN	Public	2	2	0	1	1	0	1	0	0:00:00	0:00:00	0:00:00
BELGRADE COMMUN LIBRARY	YZS	MT	Public	1	1	0	1	1	0	0	0	5:00:00	5:00:00	0:00:00
BELLINGHAM PUB LIBR	BLP	WA	Public	23	23	0	9	9	0	14	0	0:10:34	0:10:34	0:00:00
BELOIT COL LIBR	WII	WI	Academic	1	1	0	0	0	0	1	0	0:00:00	0:00:00	0:00:00
BEMIDJI STATE UNIV	MNB	MN	Academic	1	1	0	0	0	0	1	0	0:00:00	0:00:00	0:00:00
BEN GURION UNIV LIBR	B3G	ZZ	Academic	1	1	0	0	0	0	1	0	0:00:00	0:00:00	0:00:00
BENBROOK PUB LIBR	BENPL	TX	Public	2	0	0	0	0	0	2	0	0:00:00	0:00:00	0:00:00
BETHLEHEM AREA PUB LIBR	PBL	PA	Public	1	1	0	0	0	0	1	0	0:00:00	0:00:00	0:00:00
BIG BEND COMMUN COL LIBR	Z$3	WA	Academic	5	5	0	3	3	0	2	0	1:00:00	1:00:00	0:00:00
BIRMINGHAM-JEFFERSON PUB LIBR	ABJ	AL	Public	2	2	0	1	1	0	1	0	0:00:00	0:00:00	0:00:00
BITTERROOT PUB LIBR	Y46	MT	Public	1	1	0	1	1	0	0	0	1:00:00	1:00:00	0:00:00
BLACKFOOT PUB LIBR	BLFPL	ID	Public	3	3	0	1	1	0	2	0	0:00:00	0:00:00	0:00:00
BLANDING BR SAN JUAN CNTY	BLAND	UT	Public	1	1	0	0	0	0	1	0	0:00:00	0:00:00	0:00:00
BLOOMINGTON PUB LIBR	JCH	IL	Public	4	4	0	2	2	0	2	0	2:00:00	2:00:00	0:00:00
BOISE PUB LIBR	OEK	ID	Public	2	2	0	2	2	0	1	0	2:12:00	2:12:00	0:00:00
BONNER SPRINGS CITY LIBR	CX5	KS	Public	1	1	0	0	0	0	1	0	0:00:00	0:00:00	0:00:00
BOONE CNTY PUB LIBR	KYB	KY	Public	3	3	0	2	2	0	1	0	0:00:00	0:00:00	0:00:00
BOSTON COL	BXM	MA	Academic	12	12	0	2	2	0	10	0	0:00:00	0:00:00	0:00:00
BOSTON CONSERVATORY	BCO	MA	Academic	1	1	0	0	0	0	1	0	0:00:00	0:00:00	0:00:00
BOSTON PUB LIBR	BRL	MA	Public	3	3	0	0	0	0	3	0	0:00:00	0:00:00	0:00:00
BOULDER COMMUN LIBR	BLQ	MT	Public	1	1	0	1	1	0	0	0	0:00:00	0:00:00	0:00:00
BOUNDARY CNTY DIST LIBR	ZVN	ID	Public	1	1	0	0	0	0	1	0	0:00:00	0:00:00	0:00:00
BOWLING GREEN STATE UNIV MAIN CAM LIBR	BGU	OH	Academic	1	1	0	0	0	0	1	0	0:00:00	0:00:00	0:00:00
BOZEMAN PUB LIBR	MZG	MT	Public	4	4	0	1	1	0	3	0	0:00:00	0:00:00	0:00:00
BRAZORIA CNTY LIBR SYST	T7B	TX	Public	1	1	0	0	0	0	1	0	0:00:00	0:00:00	0:00:00
BRIGHAM YOUNG UNIV PROVO	UBY	UT	Major Academic Research	21	21	0	5	5	0	16	0	0:00:00	0:00:00	0:00:00
BROOKLYN PUB LIBR	BKL	NY	Public	1	1	0	0	0	0	1	0	0:00:00	0:00:00	0:00:00
BROWARD CNTY LIBRS DIV	FBR	FL	Public	1	1	0	0	0	0	2	0	0:00:00	0:00:00	0:00:00
BROWN CNTY PUB LIBR-GEORGETOWN LIBR	OHBCG	OH	Public	1	1	0	0	0	0	1	0	0:00:00	0:00:00	0:00:00
BROWN UNIV	RBN	RI	Academic	1	1	0	0	0	0	1	0	0:00:00	0:00:00	0:00:00
BRYANT UNIV	BRB	RI	Academic	1	1	0	0	0	0	1	0	0:00:00	0:00:00	0:00:00
BUCKNELL UNIV	PBU	PA	Academic	2	2	0	0	0	0	2	0	0:00:00	0:00:00	0:00:00
BUCKS CNTY FREE LIBR	DPB	PA	Public	1	1	0	0	0	0	1	0	0:00:00	0:00:00	0:00:00
BUFFALO & ERIE CNTY PUB LIBR	VHB	NY	Public	11	11	0	5	5	0	6	0	0:19:12	0:19:12	0:00:00
BUNCOMBE CNTY PUB LIBRS	UZR	NC	Public	1	1	0	0	0	0	1	0	0:00:00	0:00:00	0:00:00
BURLESON PUB LIBR	BPE	TX	Public	2	0	0	0	0	0	2	0	0:00:00	0:00:00	0:00:00
CAL POLY HUMBOLDT	CHU	CA	Academic	2	2	0	0	0	0	2	0	0:00:00	0:00:00	0:00:00
CALIFORNIA LUTHERAN UNIV	CCT	CA	Academic	2	2	0	0	0	0	2	0	0:00:00	0:00:00	0:00:00
CALIFORNIA POLYTECHNIC STATE UNIV SAN L	CPS	CA	Academic	7	7	0	1	1	0	6	0	1:00:00	1:00:00	0:00:00
CALIFORNIA STATE UNIV CHICO	CCH	CA	Academic	2	2	0	1	1	0	1	0	1:00:00	1:00:00	0:00:00
CALIFORNIA STATE UNIV FRESNO STATE LIBR	CFS	CA	Academic	1	1	0	0	0	0	1	0	0:00:00	0:00:00	0:00:00
CALIFORNIA STATE UNIV FULLERTON	CFI	CA	Academic	2	2	0	1	1	0	1	0	0:00:00	0:00:00	0:00:00
CALIFORNIA STATE UNIV NORTHRIDGE	CNO	CA	Academic	1	1	0	0	0	0	1	0	0:00:00	0:00:00	0:00:00
CALIFORNIA STATE UNIV SAN MARCOS	CS1	CA	Academic	4	4	0	2	2	0	2	0	0:12:00	0:12:00	0:00:00
CALIFORNIA STATE UNIV STANISLAUS	CTU	CA	Academic	1	1	0	0	0	0	1	0	0:00:00	0:00:00	0:00:00
CALIFORNIA STATE UNIV-LONG BEACH LIBR	CLO	CA	Academic	2	2	0	0	0	0	2	0	0:00:00	0:00:00	0:00:00
CALVIN COL & THEOL SEMINARY	EXC	MI	Theological	3	3	0	0	0	0	3	0	0:00:00	0:00:00	0:00:00
CAMAS PUB LIBR	Z#6	WA	Public	1	1	0	0	0	0	0	0	0:00:00	0:00:00	0:00:00
CAMPBELL CNTY PUB LIBR	WYG	WY	Public	1	1	0	1	1	0	0	0	1:00:00	1:00:00	0:00:00
CAMPBELL CNTY PUB LIBR	KYC	KY	Public	1	1	0	0	0	0	1	0	0:00:00	0:00:00	0:00:00
CARBONDALE PUB LIBR	XL4	IL	Public	1	1	0	0	0	0	1	0	0:00:00	0:00:00	0:00:00
CARNEGIE LIBR OF PITTSBURGH	CPL	PA	Public	1	1	0	1	1	0	0	0	1:00:00	1:00:00	0:00:00
CARROLL & MADISON LIBR SYST	E@S	AR	Public	1	1	0	0	0	0	1	0	0:00:00	0:00:00	0:00:00
CARROLL CNTY PUB LIBR	CKW	MD	Public	1	1	1	0	0	0	0	0	0:00:00	0:00:00	0:00:00
CARSON CITY PUB LIBR	NVX	NV	Public	1	1	0	1	1	0	0	0	3:00:00	3:00:00	0:00:00
CASE WESTERN RSV UNIV	CWR	OH	Academic	2	2	0	0	0	0	2	0	0:00:00	0:00:00	0:00:00
CEDAR CITY PUB LIBR	RA0	UT	Public	1	1	0	1	1	0	0	0	1:00:00	1:00:00	0:00:00
CEDAR MILL COMMUN LIBR	OXD	OR	Public	8	8	0	7	7	0	1	0	1:10:19	1:10:19	0:00:00
CEDAR PARK PUB LIBR	XZ7	TX	Public	2	0	0	0	0	0	2	0	0:00:00	0:00:00	0:00:00
CENTRAL CONNECTICUT STATE UNIV	CTB	CT	Academic	2	2	0	0	0	0	2	0	0:00:00	0:00:00	0:00:00
CENTRAL OREGON COMMUN COL LIBR	CEO	OR	Academic	3	3	0	1	1	0	2	0	1:00:00	1:00:00	0:00:00
CENTRAL WASHINGTON UNIV LIBR	CWU	WA	Academic	19	19	0	4	4	0	15	0	0:00:00	0:00:00	0:00:00
CERRITOS PUB LIBR	CER	CA	Public	3	3	0	0	0	0	3	0	0:00:00	0:00:00	0:00:00
CF GOODWIN PUB LIBR	TXCFG	TX	Public	1	0	0	1	1	0	0	0	0:00:00	0:00:00	0:00:00
CHAMPAIGN PUB LIBR & INFO CTR	IKG	IL	Public	1	1	0	0	0	0	1	0	0:00:00	0:00:00	0:00:00
CHARLESTON CNTY LIBR	SXC	SC	Public	1	1	0	0	0	0	1	0	0:00:00	0:00:00	0:00:00
CHARLOTTE MECKLENBURG LIBR	NPC	NC	Public	0	0	0	0	0	0	1	0	0:00:00	0:00:00	0:00:00
CHATTAHOOCHEE VAL LIBRS	GCV	GA	Public	1	1	0	0	0	0	1	0	0:00:00	0:00:00	0:00:00
CHESTER CNTY LIBR & DIST CTR	PWC	PA	Public	4	4	0	1	1	0	3	0	0:00:00	0:00:00	0:00:00
CHIANG MAI UNIV LIBR	THCMU	AS	Academic	3	3	0	0	0	0	3	0	0:00:00	0:00:00	0:00:00
CHICAGO PUB LIBR	CGP	IL	Public	6	6	0	2	2	0	4	0	1:12:00	1:12:00	0:00:00
CHRISTIAN CNTY LIBR	MO3	MO	Public	1	1	0	0	0	0	1	0	0:00:00	0:00:00	0:00:00
CINCINNATI STATE TECH & COM COLL LIBR	OCT	OH	Academic	1	1	0	0	0	0	1	0	0:00:00	0:00:00	0:00:00
CITY OF COOS BAY-ESO	BAY	OR	Public	6	6	0	2	2	0	5	0	2:00:00	2:00:00	0:00:00
CLATSOP COMMUN COL LIBR	CLK	OR	Academic	1	1	0	1	1	0	0	0	1:00:00	1:00:00	0:00:00
CLEARWATER CO. LIBR DIST @ WEIPPE	ZFK	ID	Public	1	1	0	0	0	0	1	0	0:00:00	0:00:00	0:00:00
CLEVELAND PUB LIBR	CLE	OH	Public	1	1	0	1	1	0	0	0	2:00:00	2:00:00	0:00:00
CLEVELAND STATE UNIV	CSU	OH	Academic	2	2	0	1	1	0	1	0	0:00:00	0:00:00	0:00:00
COBB CNTY PUB LIBR SYST	ZGJ	GA	Public	1	1	0	1	1	0	0	0	1:00:00	1:00:00	0:00:00
COCHISE CNTY LIBR DIST	BAZ	AZ	Public	0	0	0	0	0	0	1	0	0:00:00	0:00:00	0:00:00
COEUR D'ALENE PUB LIBR	ZVR	ID	Public	34	34	0	14	14	0	20	0	1:05:02	1:05:02	0:00:00
COLBY COL	CBY	ME	Academic	1	1	0	1	1	0	0	0	1:00:00	1:00:00	0:00:00
COLLEGE OF WILLIAM & MARY, LAW LIBR	VWL	VA	Law Libraries	1	1	0	1	1	0	0	0	1:00:00	1:00:00	0:00:00
COLLEYVILLE PUB LIBR	COLBT	TX	Public	3	0	0	0	0	0	2	0	0:00:00	0:00:00	0:00:00
COLORADO MESA UNIV	COM	CO	Academic	1	1	1	0	0	0	0	0	0:00:00	0:00:00	0:00:00
COLORADO STATE UNIV FT COLLINS	COF	CO	Academic	1	1	0	0	0	0	1	0	0:00:00	0:00:00	0:00:00
COLUMBIA CNTY RURAL LIBR	WACCR	WA	Public	5	5	0	3	3	0	1	0	2:16:05	2:16:05	0:00:00
COLUMBUS METROP LIBR	OCO	OH	Public	1	1	0	1	1	0	0	0	0:00:00	0:00:00	0:00:00
COMMUNITY COLLEGES OF SPOKANE	BV1	WA	Academic	2	2	0	0	0	0	2	0	0:00:00	0:00:00	0:00:00
COMMUNITY LIBR NETWORK	K#T	ID	Public	8	8	0	5	5	0	3	0	1:14:24	1:14:24	0:00:00
COMMUNITY LIBR NETWORK@POST FALLS	P9F	ID	Public	12	12	0	5	5	0	7	0	0:14:24	0:14:24	0:00:00
CONCORD PUB LIBR	QYA	NH	Public	1	1	0	1	1	0	0	0	5:00:00	5:00:00	0:00:00
CONCORDIA UNIV LIBR	CDN	QC	Academic	5	5	0	0	0	0	5	0	0:00:00	0:00:00	0:00:00
CONVERSE PUB LIBR	TXCVP	TX	Public	1	0	0	0	0	0	1	0	0:00:00	0:00:00	0:00:00
CORBAN UNIV LIBR	OOY	OR	Academic	2	2	0	1	1	0	1	0	0:00:00	0:00:00	0:00:00
CORNELL UNIV	COO	NY	Academic	2	2	0	0	0	0	2	0	0:00:00	0:00:00	0:00:00
COSHOCTON PUB LIBR	C5O	OH	Public	1	1	0	0	0	0	1	0	0:00:00	0:00:00	0:00:00
COUNCIL BLUFFS PUB LIBR	IWB	IA	Public	1	1	0	0	0	0	1	0	0:00:00	0:00:00	0:00:00
COZBY LIBR & COM COMMONS	WT2	TX	Public	1	0	0	0	0	0	1	0	0:00:00	0:00:00	0:00:00
CROSSROADS BRANCH LIBR	OHCRS	OH	Public	1	1	0	0	0	0	1	0	0:00:00	0:00:00	0:00:00
CUMBERLAND CNTY PUB LIBR & INFO CTR	HQB	NC	Public	1	1	0	1	1	0	0	0	2:00:00	2:00:00	0:00:00
DAKOTA CNTY LIBR SYST	DCB	MN	Public	1	1	0	0	0	0	1	0	0:00:00	0:00:00	0:00:00
DANIEL BOONE REG LIBR	ZAB	MO	Public	4	4	0	1	1	0	3	0	1:00:00	1:00:00	0:00:00
DARTMOUTH COL	DRB	NH	Major Academic Research	1	1	0	1	1	0	0	0	1:00:00	1:00:00	0:00:00
DAVIESS CNTY PUB LIBR	KOD	KY	Public	1	1	0	1	1	0	0	0	0:00:00	0:00:00	0:00:00
DAVIS CNTY LIBR	UTD	UT	Public	1	1	0	1	1	0	0	0	0:00:00	0:00:00	0:00:00
DAYTON METRO LIBR	DMM	OH	Public	5	5	0	1	1	0	4	0	0:00:00	0:00:00	0:00:00
DELAWARE CNTY LIBR SYST	DEL	PA	Public	10	10	0	2	2	0	8	0	0:00:00	0:00:00	0:00:00
DELTA CITY LIBR	DELTA	UT	Public	2	2	0	0	0	0	2	0	0:00:00	0:00:00	0:00:00
DENTON PUB LIBR	QS3	TX	Public	1	0	0	0	0	0	1	0	0:00:00	0:00:00	0:00:00
DENVER PUB LIBR	DPL	CO	Public	11	11	0	4	4	0	7	0	0:18:00	0:18:00	0:00:00
DES MOINES PUB LIBR	IOU	IA	Public	1	1	0	0	0	0	1	0	0:00:00	0:00:00	0:00:00
DES PLAINES PUB LIBR	GK8	IL	Public	1	1	0	0	0	0	0	0	0:00:00	0:00:00	0:00:00
DESCHUTES PUB LIBR	DCH	OR	Public	16	16	0	8	8	0	8	0	1:09:07	1:09:07	0:00:00
DICKINSON AREA PUB LIBR	DIP	ND	Public	2	2	0	1	1	0	1	0	1:00:00	1:00:00	0:00:00
DICKINSON COL	DKC	PA	Academic	5	5	0	0	0	0	5	0	0:00:00	0:00:00	0:00:00
DOUGLAS CNTY LIBRS	DAD	CO	Public	4	4	0	0	0	0	4	0	0:00:00	0:00:00	0:00:00
DOVER PUB LIBR	DOV	DE	Public	2	2	0	2	2	0	0	0	0:00:00	0:00:00	0:00:00
DREW UNIV LIBR	DRU	NJ	Academic	1	1	0	0	0	0	1	0	0:00:00	0:00:00	0:00:00
DREXEL UNIV	DXU	PA	Academic	3	3	0	1	1	0	2	0	1:00:00	1:00:00	0:00:00
DURHAM CNTY LIBR	NZD	NC	Public	1	1	0	0	0	0	1	0	0:00:00	0:00:00	0:00:00
DYER LIBR	DYERL	ME	Public	1	1	0	1	1	0	0	0	0:00:00	0:00:00	0:00:00
E M GILLIAM MEM LIBR	TXEMG	TX	Public	1	0	0	0	0	0	1	0	0:00:00	0:00:00	0:00:00
EAGLE PUB LIBR	E9G	ID	Public	2	2	0	1	1	0	1	0	1:00:00	1:00:00	0:00:00
EAGLE VAL LIBR DIST	E3V	CO	Public	1	1	0	1	1	0	0	0	2:00:00	2:00:00	0:00:00
EAST BONNER CNTY LIBR	E4B	ID	Public	6	6	0	4	4	0	2	0	1:06:00	1:06:00	0:00:00
EAST TEXAS A&M UNIV	IEA	TX	Academic	1	1	0	1	1	0	0	0	0:00:00	0:00:00	0:00:00
EASTERN ILLINOIS UNIV	IAD	IL	Academic	1	1	0	0	0	0	1	0	0:00:00	0:00:00	0:00:00
EASTERN OREGON UNIV LIBR	EOS	OR	Academic	1	1	0	1	1	0	0	0	2:00:00	2:00:00	0:00:00
EASTERN WASHINGTON UNIV	WEA	WA	Academic	5	5	0	4	4	0	1	0	0:12:00	0:12:00	0:00:00
ELK GROVE VILLAGE PUB LIBR	IL2	IL	Public	1	1	0	0	0	0	1	0	0:00:00	0:00:00	0:00:00
ENOCH PRATT FREE LIBR	MDB	MD	Public	5	5	0	2	2	0	3	0	0:12:00	0:12:00	0:00:00
EVANSVILLE VANDERBURGH PUB LIBR	IEP	IN	Public	5	5	0	1	1	0	4	0	0:00:00	0:00:00	0:00:00
EVERETT PUB LIBR	UAI	WA	Public	13	13	0	2	2	0	10	0	0:12:00	0:12:00	0:00:00
EVERETT ROEHL MARSHFIELD PUB LIBR	WGM	WI	Public	2	2	0	1	1	0	1	0	4:00:00	4:00:00	0:00:00
FAIRBANKS N STAR BOROUGH LIBR	X#4	AK	Public	1	1	0	1	1	0	0	0	0:00:00	0:00:00	0:00:00
FAIRFAX CNTY PUB LIBR	AXH	VA	Public	1	1	0	1	1	0	0	0	4:00:00	4:00:00	0:00:00
FARGO PUB LIBR	NFG	ND	Public	1	1	0	0	0	0	0	0	0:00:00	0:00:00	0:00:00
FARMINGTON COMMUN LIBR	EHE	MI	Public	2	2	0	1	1	0	2	0	0:00:00	0:00:00	0:00:00
FERGUSON LIBR	FEM	CT	Public	3	3	0	2	2	0	1	0	0:00:00	0:00:00	0:00:00
FINGER LAKES LIBR SYST	VYG	NY	Public	6	6	0	4	4	0	2	0	0:12:00	0:12:00	0:00:00
FLAGSTAFF CITY, COCONINO CNTY LIBR	AZH	AZ	Public	3	3	0	1	1	0	2	0	1:00:00	1:00:00	0:00:00
FLATHEAD CNTY LIBR	MZC	MT	Public	2	2	0	2	2	0	1	0	5:00:00	5:00:00	0:00:00
FLORIDA ATLANTIC UNIV	FGM	FL	Academic	1	1	0	0	0	0	1	0	0:00:00	0:00:00	0:00:00
FOREST GROVE PUB LIBR	ORI	OR	Public	1	1	0	0	0	0	1	0	0:00:00	0:00:00	0:00:00
FORSYTH CNTY PUB LIBR	Y32	GA	Public	2	2	0	1	1	0	1	0	0:00:00	0:00:00	0:00:00
FORT BEND CNTY LIBRS	FTX	TX	Public	1	0	0	1	1	0	0	0	1:00:00	1:00:00	0:00:00
FORT LEWIS COL	CDF	CO	Academic	1	1	0	0	0	0	1	0	0:00:00	0:00:00	0:00:00
FORT SMITH PUB LIBR	FSM	AR	Public	1	1	0	1	1	0	0	0	0:00:00	0:00:00	0:00:00
FORT VANCOUVER REG LIBR	YEP	WA	Public	12	12	1	6	6	0	8	0	2:07:55	2:07:55	0:00:00
FORT WORTH PUB LIBR	IFA	TX	Public	2	0	0	0	0	0	2	0	0:00:00	0:00:00	0:00:00
FOUNTAINDALE PUB LIBR DIST, BOLINGBROOK	OJ4	IL	Public	1	1	0	0	0	0	1	0	0:00:00	0:00:00	0:00:00
FREE LIBR OF PHILADELPHIA	PLF	PA	Public	1	1	0	0	0	0	1	0	0:00:00	0:00:00	0:00:00
FREMONT CNTY LIBR SYST	W8F	WY	Public	1	1	0	1	1	0	0	0	1:00:00	1:00:00	0:00:00
FRESNO CNTY FREE LIBR	JQR	CA	Public	1	1	0	0	0	0	1	0	0:00:00	0:00:00	0:00:00
FRIENDSWOOD PUB LIBR	QS4	TX	Public	2	0	0	0	0	0	2	0	0:00:00	0:00:00	0:00:00
FRISCO PUB LIBR	FHP	TX	Public	1	0	0	1	1	0	0	0	0:00:00	0:00:00	0:00:00
FULTON CNTY LIBR SYST	GAP	GA	Public	1	1	0	0	0	0	1	0	0:00:00	0:00:00	0:00:00
GARDEN HOME COMMUN LIBR	O2G	OR	Public	2	2	0	1	1	0	0	0	0:00:00	0:00:00	0:00:00
GENESEE COMMUN COL	YJA	NY	Academic	1	1	0	1	1	0	0	0	3:00:00	3:00:00	0:00:00
GENEVA PUB LIBR DIST	JSY	IL	Public	1	1	0	0	0	0	1	0	0:00:00	0:00:00	0:00:00
GEORGETOWN PUB LIBR	QS5	TX	Public	1	0	0	0	0	0	1	0	0:00:00	0:00:00	0:00:00
GEORGIA COL & STATE UNIV	GGC	GA	Academic	2	2	0	0	0	0	2	0	0:00:00	0:00:00	0:00:00
GERMANTOWN PUB LIBR	G8T	OH	Public	1	1	0	0	0	0	1	0	0:00:00	0:00:00	0:00:00
GLEN ELLYN PUB LIBR	JCW	IL	Public	1	1	0	0	0	0	1	0	0:00:00	0:00:00	0:00:00
GONZAGA UNIV	WUG	WA	Academic	6	6	0	2	2	0	4	0	0:00:00	0:00:00	0:00:00
GRAFTON-MIDVIEW PUB LIBR	GMPMT	OH	Public	1	1	0	1	1	0	0	0	2:00:00	2:00:00	0:00:00
GRAND CNTY LIBR	UTGRD	UT	Public	1	1	0	0	0	0	1	0	0:00:00	0:00:00	0:00:00
GRANTS PUB LIBR	DV2	NM	Public	1	1	0	0	0	0	1	0	0:00:00	0:00:00	0:00:00
GRANTSVILLE PUB LIBR	UTGRA	UT	Public	1	1	0	0	0	0	0	0	0:00:00	0:00:00	0:00:00
GREAT RIVER REG LIBR	GRR	MN	Public	2	2	0	2	2	0	0	0	0:00:00	0:00:00	0:00:00
GREENE CNTY PUB LIBR	GRC	OH	Public	2	2	0	1	1	0	1	0	0:00:00	0:00:00	0:00:00
GREENVILLE CNTY LIBR	SGR	SC	Public	4	4	0	2	2	0	1	0	0:12:00	0:12:00	0:00:00
GREENWICH LIBR	GRN	CT	Public	1	1	0	0	0	0	1	0	0:00:00	0:00:00	0:00:00
HAMMOND PUB LIBR	IHP	IN	Public	1	1	0	1	1	0	0	0	0:00:00	0:00:00	0:00:00
HAMPSHIRE COL	HAM	MA	Academic	2	2	0	1	1	0	1	0	4:00:00	4:00:00	0:00:00
HARDING UNIV, BRACKETT LIBR	AHS	AR	Academic	1	1	0	0	0	0	1	0	0:00:00	0:00:00	0:00:00
HARRIS CNTY PUB LIBR	HT#	TX	Public	4	0	0	2	2	0	2	0	0:12:00	0:12:00	0:00:00
HARVARD UNIV	HUL	MA	Academic	6	6	0	1	1	0	5	0	1:00:00	1:00:00	0:00:00
HASTINGS COL	NBH	NE	Academic	1	1	0	0	0	0	1	0	0:00:00	0:00:00	0:00:00
HAVRE-HILL CNTY LIBR	YVZ	MT	Public	1	1	0	1	1	0	0	0	0:00:00	0:00:00	0:00:00
HELEN PLUM LIBR	JFL	IL	Public	1	1	0	0	0	0	1	0	0:00:00	0:00:00	0:00:00
HENDERSON DIST PUB LIBR	H4N	NV	Public	2	2	0	1	1	0	1	0	1:00:00	1:00:00	0:00:00
HENNEPIN CNTY LIBR	HCO	MN	Public	2	2	0	0	0	0	2	0	0:00:00	0:00:00	0:00:00
HILLSBORO PUB LIBR	OOV	OR	Public	13	13	0	8	8	0	5	0	1:12:00	1:12:00	0:00:00
HINSDALE PUB LIBR	TL9	IL	Public	1	1	0	0	0	0	1	0	0:00:00	0:00:00	0:00:00
HORRY CNTY MEM LIBR	SHM	SC	Public	1	1	0	0	0	0	1	0	0:00:00	0:00:00	0:00:00
HOUGHTON COLL	VXO	NY	Academic	6	6	0	6	6	0	0	0	1:12:00	1:12:00	0:00:00
HOUSTON PUB LIBR	TXN	TX	Public	3	0	0	0	0	0	3	0	0:00:00	0:00:00	0:00:00
HOWARD CNTY LIBR SYST	HO$	MD	Public	2	2	0	1	1	0	1	0	0:00:00	0:00:00	0:00:00
HUMBOLDT CNTY LIBR	EHU	CA	Public	3	3	0	3	3	0	1	0	1:00:00	1:00:00	0:00:00
HUNTLEY AREA PUB LIBR DIST	GL7	IL	Public	1	1	0	0	0	0	1	0	0:00:00	0:00:00	0:00:00
HUNTSVILLE MADISON CNTY PUB LIBR	MWD	AL	Public	2	2	0	0	0	0	2	0	0:00:00	0:00:00	0:00:00
HUTCHINSON PUB LIBR	KAH	KS	Public	1	1	0	0	0	0	1	0	0:00:00	0:00:00	0:00:00
HUTTO PUB LIB	TXHUT	TX	Public	1	0	0	1	1	0	0	0	0:00:00	0:00:00	0:00:00
IFLS LIBR SYST	GHI	WI	Public	7	7	0	5	5	0	3	0	1:04:48	1:04:48	0:00:00
ILLINOIS COL	ICH	IL	Academic	1	1	0	0	0	0	1	0	0:00:00	0:00:00	0:00:00
INDIAN TRAILS PUB LIBR DIST	JAG	IL	Public	1	1	0	0	0	0	1	0	0:00:00	0:00:00	0:00:00
INDIANA ST LIB	SHARE	IN	State or Municipal Governments	2	2	0	0	0	0	2	0	0:00:00	0:00:00	0:00:00
INDIANA UNIV - INDIANAPOLIS LIBR	IUP	IN	Academic	3	3	0	1	1	0	2	0	1:00:00	1:00:00	0:00:00
IOWA LIBR SERVS-CENT DIST OFF	JIC	IA	Public	2	2	0	0	0	0	2	0	0:00:00	0:00:00	0:00:00
IOWA LIBR SERVS-N CENT DIST OFF	LT@	IA	Public	2	2	0	0	0	0	2	0	0:00:00	0:00:00	0:00:00
IOWA STATE UNIV	IWA	IA	Major Academic Research	2	2	0	1	1	0	1	0	3:00:00	3:00:00	0:00:00
IRENE INGLE PUB LIBR	I@I	AK	Public	2	2	0	0	0	0	2	0	0:00:00	0:00:00	0:00:00
IRON CNTY BOOKMOBILE LIBR	UTIRN	UT	Public	1	1	0	1	1	0	0	0	0:00:00	0:00:00	0:00:00
IRVING PUB LIBR SYST	IJC	TX	Public	2	0	0	0	0	0	2	0	0:00:00	0:00:00	0:00:00
JACKSON CNTY LIBR SVC	JCL	OR	Public	17	17	0	7	7	0	10	0	0:20:38	0:20:38	0:00:00
JACKSON DIST LIBR	EJ4	MI	Public	7	7	0	0	0	0	7	0	0:00:00	0:00:00	0:00:00
JACKSON/HINDS LIBR SYST	MJP	MS	Public	1	1	0	0	0	0	1	0	0:00:00	0:00:00	0:00:00
JAMES MADISON UNIV LIBRS	VMC	VA	Academic	2	2	0	0	0	0	1	0	0:00:00	0:00:00	0:00:00
JEFFERSON CNTY LIBR	MJ8	MO	Public	1	1	0	0	0	0	1	0	0:00:00	0:00:00	0:00:00
JEFFERSON CNTY PUB LIBR	QQ3	CO	Public	16	16	0	5	5	0	12	0	1:14:24	1:14:24	0:00:00
JEFFERSON CNTY RURAL LIBR DIST	Z85	WA	Public	8	8	0	5	5	0	3	0	2:00:00	2:00:00	0:00:00
JESSAMINE CNTY PUB LIBR	KP9	KY	Public	1	1	0	1	1	0	0	0	1:00:00	1:00:00	0:00:00
JOE BARNHART BEE CNTY LIBR	BNR	TX	Public	1	0	0	0	0	0	1	0	0:00:00	0:00:00	0:00:00
JOHNS HOPKINS UNIV	JHE	MD	Academic	1	1	0	0	0	0	1	0	0:00:00	0:00:00	0:00:00
JOHNSON CNTY LIBR	KNJ	KS	Public	9	9	0	4	4	0	5	0	2:06:00	2:06:00	0:00:00
JOINT BASE ELMENDORF-RICHARDSON LIBR	AYI	AK	Federal/Natl Government	2	2	0	0	0	0	2	0	0:00:00	0:00:00	0:00:00
JOINT BASE LEWIS-MCCHORD LIBRARY SYSTEM	AVW	WA	Federal/Natl Government	4	4	0	1	1	0	3	0	1:00:00	1:00:00	0:00:00
JUNIATA COL	PJU	PA	Academic	1	1	0	1	1	0	0	0	1:00:00	1:00:00	0:00:00
K.O. LEE ABERDEEN PUB LIBRARY.	AML	SD	Public	1	1	0	1	1	0	0	0	1:00:00	1:00:00	0:00:00
KANSAS PUB LIBR KANSAS CITY	KCK	KS	Public	1	1	0	0	0	0	1	0	0:00:00	0:00:00	0:00:00
KEENE PUB LIBR	HA5	NH	Public	1	1	0	1	1	0	0	0	0:00:00	0:00:00	0:00:00
KELLER PUB LIB	KELPL	TX	Public	4	0	0	4	4	0	1	0	1:00:00	1:00:00	0:00:00
KELLOGG PUB LIBR	ZWN	ID	Public	1	1	0	0	0	0	1	0	0:00:00	0:00:00	0:00:00
KIMBALL JUNCTION BRANCH SUMMIT CNTY LIBR	SUMCL	UT	Public	2	2	0	0	0	0	2	0	0:00:00	0:00:00	0:00:00
KIMBERLY PUB LIBR	KIMPL	ID	Public	1	1	0	0	0	0	2	0	0:00:00	0:00:00	0:00:00
KIRKWOOD COMMUN COL LIBR	UIN	IA	Academic	1	1	0	0	0	0	1	0	0:00:00	0:00:00	0:00:00
KIRKWOOD PUB LIBR	MU7	MO	Public	2	2	0	0	0	0	2	0	0:00:00	0:00:00	0:00:00
KITSAP REG LIBR	YEQ	WA	Public	84	84	0	46	46	0	35	0	1:08:53	1:08:53	0:00:00
KLAMATH CNTY LIBR SERV DIST	KCL	OR	Public	19	19	1	8	8	0	12	0	2:00:00	2:00:00	0:00:00
KNOX CNTY PUB LIBR, KNOXVILLE	TKL	TN	Public	2	2	0	0	0	0	2	0	0:00:00	0:00:00	0:00:00
LA SALLE UNIV LIBR	LAS	PA	Academic	1	1	0	0	0	0	1	1	0:00:00	0:00:00	0:00:00
LA VISTA PUB LIBR	YA3	NE	Public	1	1	0	1	1	0	0	0	0:00:00	0:00:00	0:00:00
LAFAYETTE COL	LAF	PA	Academic	1	1	0	1	1	0	0	0	1:00:00	1:00:00	0:00:00
LAKE CNTY PUB LIBR	ILC	IN	Public	2	2	0	0	0	0	2	0	0:00:00	0:00:00	0:00:00
LAKE TRAVIS COMMUN LIBR	KVIJL	TX	Public	2	0	0	0	0	0	2	0	0:00:00	0:00:00	0:00:00
LAKE VILLA DIST LIBR	JAS	IL	Public	1	1	0	0	0	0	1	0	0:00:00	0:00:00	0:00:00
LANE COMMUN COL	OLE	OR	Academic	1	1	0	0	0	0	1	0	0:00:00	0:00:00	0:00:00
LAREDO PUB LIBR	DB$	TX	Public	1	0	0	0	0	0	1	0	0:00:00	0:00:00	0:00:00
LAS VEGAS CLARK CNTY LIBR DIST	NVC	NV	Public	4	4	0	2	2	0	2	0	0:12:00	0:12:00	0:00:00
LATAH CNTY LIBR DIST	ZWR	ID	Public	1	1	0	0	0	0	1	0	0:00:00	0:00:00	0:00:00
LAWRENCE PUB LIBR	KSA	KS	Public	1	1	0	1	1	0	0	0	0:00:00	0:00:00	0:00:00
LEBANESE AM UNIV	LQU	ZZ	Academic	1	1	0	0	0	0	1	0	0:00:00	0:00:00	0:00:00
LEE CNTY LIBR SYST	FFL	FL	Public	8	8	0	3	3	0	5	0	1:07:55	1:07:55	0:00:00
LEROY COLLINS LEON CNTY PUB LIBR	FTL	FL	Public	7	7	0	5	5	0	7	0	2:09:36	2:09:36	0:00:00
LEWIS & CLARK COL	OLP	OR	Academic	6	6	1	1	1	0	4	0	0:00:00	0:00:00	0:00:00
LEWIS & CLARK LIBR	MZI	MT	Public	2	2	0	1	1	0	1	0	1:00:00	1:00:00	0:00:00
LEWIS & CLARK LIBR E HELENA BRANCH	LCEVB	MT	Public	1	1	0	1	1	0	0	0	1:00:00	1:00:00	0:00:00
LEWISTON CITY LIBR	IDLEW	ID	Public	1	1	1	0	0	0	0	0	0:00:00	0:00:00	0:00:00
LEWISTOWN PUB LIBR	YVT	MT	Public	1	1	0	1	1	0	0	0	2:00:00	2:00:00	0:00:00
LEWISVILLE PUB LIBR	LVF	TX	Public	2	0	0	1	1	0	1	0	0:00:00	0:00:00	0:00:00
LEXINGTON PUB LIBR	KYL	KY	Public	1	1	0	0	0	0	0	0	0:00:00	0:00:00	0:00:00
LIBERTY LAKE MUNICIPAL LIB	LIBLM	WA	Public	3	3	0	0	0	0	3	0	0:00:00	0:00:00	0:00:00
LIBERTY UNIV	VLB	VA	Academic	2	2	0	2	2	0	0	0	2:00:00	2:00:00	0:00:00
LIBRARIES IN CLACKAMAS CNTY	LIQ	OR	Public	55	55	0	25	25	0	31	0	1:00:58	1:00:58	0:00:00
LICKING CNTY LIBR	ONW	OH	Public	1	1	0	1	1	0	0	0	0:00:00	0:00:00	0:00:00
LINCOLN CITY LIBRS	NLN	NE	Public	1	1	0	0	0	0	1	0	0:00:00	0:00:00	0:00:00
LINCOLN CNTY LIBR DIST	LCS	OR	Public	7	7	0	3	3	0	4	0	1:16:05	1:16:05	0:00:00
LINCOLN CNTY PUB LIBR	Y83	MT	Public	1	1	0	0	0	0	1	0	0:00:00	0:00:00	0:00:00
LINFIELD UNIV MCMINNVILLE CAM LIBR	OLC	OR	Academic	4	4	0	2	2	0	2	0	0:00:00	0:00:00	0:00:00
LISLE LIBR DIST	BNO	IL	Public	2	2	0	1	1	0	1	0	2:00:00	2:00:00	0:00:00
LITTLE SANDY CORRECTIONAL COMPLEX	LSCCX	KY	State or Municipal Governments	4	4	0	4	4	0	0	0	0:12:00	0:12:00	0:00:00
LIVINGSTON PARK CNTY PUB LIBR	LVQ	MT	Public	1	1	0	0	0	0	1	0	0:00:00	0:00:00	0:00:00
LIZARD BUTTE PUB LIBR	LIZBL	ID	Public	2	2	0	0	0	0	2	0	0:00:00	0:00:00	0:00:00
LOCK HAVEN UNIV OF PENNSYLVANIA	LQS	PA	Academic	1	1	0	0	0	0	1	0	0:00:00	0:00:00	0:00:00
LONGMONT PUB LIBR	CNL	CO	Public	0	0	0	0	0	0	1	0	0:00:00	0:00:00	0:00:00
LONGVIEW PUB LIBR	FT6	TX	Public	1	0	0	0	0	0	1	0	0:00:00	0:00:00	0:00:00
LONOKE CNTY LIBR SYST	AJL	AR	Public	1	1	0	1	1	0	0	0	0:00:00	0:00:00	0:00:00
LOUDOUN CNTY PUB LIBR	AXJ	VA	Public	1	1	0	1	1	0	0	0	0:00:00	0:00:00	0:00:00
LOUISIANA STATE UNIV	LUU	LA	Major Academic Research	1	1	0	0	0	0	1	0	0:00:00	0:00:00	0:00:00
LUBBOCK PUB LIBR	TXL	TX	Public	2	0	0	0	0	0	2	0	0:00:00	0:00:00	0:00:00
LUZERNE CNTY COMMUN COL LIBR	LZC	PA	Academic	2	2	0	0	0	0	2	0	0:00:00	0:00:00	0:00:00
MADISON CNTY PUB LIBR	KJ3	KY	Public	1	1	0	1	1	0	0	0	1:00:00	1:00:00	0:00:00
MAINE MEDL CTR LIBR	M9M	ME	Corporate	1	1	0	1	1	0	0	0	0:00:00	0:00:00	0:00:00
MARSHALL PUB LIBR	Q6J	ID	Public	4	4	0	1	1	0	3	0	5:00:00	5:00:00	0:00:00
MARTIN LIBR YORK CNTY LIBRS	PYM	PA	Public	2	2	0	2	2	0	0	0	1:00:00	1:00:00	0:00:00
MCALLEN PUB LIBR	TME	TX	Public	1	0	0	0	0	0	1	0	0:00:00	0:00:00	0:00:00
MCGILL UNIV	LGG	QC	Academic	1	1	0	0	0	0	1	0	0:00:00	0:00:00	0:00:00
MCKINNEY PUB LIBR	M$K	TX	Public	4	0	0	1	1	0	3	0	0:00:00	0:00:00	0:00:00
MCMINNVILLE PUB LIBR	OOR	OR	Public	1	1	0	0	0	0	1	0	0:00:00	0:00:00	0:00:00
MENTOR PUB LIBR	MNTOR	OH	Public	1	1	0	1	1	0	0	0	1:00:00	1:00:00	0:00:00
MERCER CNTY LIBR	MLY	NJ	Public	1	1	0	0	0	0	1	0	0:00:00	0:00:00	0:00:00
MERCYHURST UNIV	QRA	PA	Academic	1	1	0	0	0	0	1	0	0:00:00	0:00:00	0:00:00
MERIDIAN LIBR DIST	ZPJ	ID	Public	4	4	0	0	0	0	4	0	0:00:00	0:00:00	0:00:00
MESA CNTY PUB LIBR DIST	RRY	CO	Public	1	1	0	0	0	0	1	0	0:00:00	0:00:00	0:00:00
MESQUITE PUB LIBR	T7Q	TX	Public	1	0	0	1	1	0	0	0	3:00:00	3:00:00	0:00:00
METROPOLITAN LIBR SYST	OKE	OK	Public	2	2	0	0	0	0	1	0	0:00:00	0:00:00	0:00:00
MIAMI UNIV	MIA	OH	Academic	2	2	0	1	1	0	1	0	0:00:00	0:00:00	0:00:00
MID-CONTINENT PUB LIBR	CMI	MO	Public	22	22	0	13	13	0	10	0	1:20:24	1:20:24	0:00:00
MIDDLE TENNESSEE STATE UNIV	TXM	TN	Academic	2	2	0	2	2	0	0	0	3:00:00	3:00:00	0:00:00
MILLIKIN UNIV	ICK	IL	Academic	1	1	0	0	0	0	1	0	0:00:00	0:00:00	0:00:00
MINERAL CNTY PUB LIBR ALBERTON	MCPAB	MT	Public	1	1	0	1	1	0	0	0	5:00:00	5:00:00	0:00:00
MINUTEMAN LIBR NETWORK	MLN	MA	Other	18	18	0	7	7	0	10	0	0:17:02	0:17:02	0:00:00
MISSISSIPPI COL	MCM	MS	Academic	1	1	0	0	0	0	1	0	0:00:00	0:00:00	0:00:00
MISSOULA PUB LIBR	Y38	MT	Public	1	1	0	0	0	0	1	0	0:00:00	0:00:00	0:00:00
MISSOURI STATE UNIV	MOU	MO	Academic	1	1	0	0	0	0	1	0	0:00:00	0:00:00	0:00:00
MONTANA STATE UNIV, MSU LIBR	MZF	MT	Academic	1	1	0	0	0	0	1	0	0:00:00	0:00:00	0:00:00
MONTANA STATE UNIV, NORTHERN	YWR	MT	Academic	1	1	0	0	0	0	1	0	0:00:00	0:00:00	0:00:00
MONTGOMERY CNTY MEM LIBR SYST	QS2	TX	Public	3	3	0	1	1	0	2	0	1:00:00	1:00:00	0:00:00
MONTREAT COL	KZJ	NC	Academic	1	1	0	0	0	0	1	0	0:00:00	0:00:00	0:00:00
MORGAN CNTY LIBR	MORGU	UT	Public	1	1	0	0	0	0	1	0	0:00:00	0:00:00	0:00:00
MULTNOMAH CNTY LIBR	ORX	OR	Public	26	26	0	14	14	0	12	0	1:22:19	1:22:19	0:00:00
NASSAU LIBR SYST	NAB	NY	Public	16	16	0	1	1	0	14	0	0:00:00	0:00:00	0:00:00
NATIONAL INST OF HEALTH	Y45	MT	State or Municipal Governments	1	1	0	1	1	0	0	0	0:00:00	0:00:00	0:00:00
NATIONAL INSTS OF HEALTH	HNI	MD	Federal/Natl Government	1	1	0	0	0	0	1	0	0:00:00	0:00:00	0:00:00
NEBRASKA DEPT OF CORR SERV	WH5	NE	State or Municipal Governments	3	3	0	0	0	0	3	0	0:00:00	0:00:00	0:00:00
NEPHI PUB LIBR	UTNPL	UT	Public	1	1	0	0	0	0	1	0	0:00:00	0:00:00	0:00:00
NEW BRAUNFELS PUB LIBR	D9M	TX	Public	1	0	0	0	0	0	1	0	0:00:00	0:00:00	0:00:00
NEW CASTLE CNTY PUB LIBR SYST	DF9	DE	Public	2	2	0	1	1	0	1	0	2:00:00	2:00:00	0:00:00
NEW JERSEY ILL ACCESS CTR	NJQ	NJ	State Library	4	0	0	1	1	0	3	0	0:00:00	0:00:00	0:00:00
NEW JERSEY INST OF TECH	NJI	NJ	Academic	1	1	0	0	0	0	1	0	0:00:00	0:00:00	0:00:00
NEW MEXICO STATE LIBR	NMS	NM	State Library	1	1	0	1	1	0	0	0	3:00:00	3:00:00	0:00:00
NEW MEXICO STATE UNIV	IRU	NM	Academic	3	3	0	0	0	0	3	0	0:00:00	0:00:00	0:00:00
NEW SCH THE	ZMU	NY	Academic	1	1	0	1	1	0	0	0	4:00:00	4:00:00	0:00:00
NEW YORK PUB LIBR	NYP	NY	Public	4	4	0	1	1	0	3	0	0:00:00	0:00:00	0:00:00
NEW YORK UNIV	ZYU	NY	Academic	2	2	0	0	0	0	2	0	0:00:00	0:00:00	0:00:00
NEWBERG PUB LIBR	OOS	OR	Public	2	2	0	1	1	0	0	0	0:00:00	0:00:00	0:00:00
NEWPORT PUB LIBR	OXA	OR	Public	8	8	0	1	1	0	7	0	0:00:00	0:00:00	0:00:00
NILES MAINE DIST LIBR	GO4	IL	Public	2	2	0	0	0	0	2	0	0:00:00	0:00:00	0:00:00
NOAA SEATTLE REGIONAL LIBRARY	OAE	WA	Federal/Natl Government	2	2	0	0	0	0	2	2	0:00:00	0:00:00	0:00:00
NORTH CAROLINA A&T STATE UNIV	NQA	NC	Academic	2	2	0	0	0	0	1	0	0:00:00	0:00:00	0:00:00
NORTH CAROLINA STATE UNIV AT RALEIGH LI	NRC	NC	Academic	2	2	0	1	1	0	1	0	1:00:00	1:00:00	0:00:00
NORTH CENT COL	ICN	IL	Academic	2	2	0	0	0	0	2	0	0:00:00	0:00:00	0:00:00
NORTH CENTRAL WASHINGTON LIBRARIES	OEI	WA	Public	34	34	0	20	20	0	15	0	2:00:00	2:00:00	0:00:00
NORTH COUNTRY LIBR SYST	RTN	NY	Public	1	1	0	0	0	0	1	0	0:00:00	0:00:00	0:00:00
NORTH DAKOTA STATE LIBR	NDS	ND	State Library	1	1	0	0	0	0	1	0	0:00:00	0:00:00	0:00:00
NORTH LOGAN CITY LIBR	UTJ	UT	Public	1	1	0	1	1	0	0	0	5:00:00	5:00:00	0:00:00
NORTH OLYMPIC LIBR SYST	NOQ	WA	Public	32	32	0	20	20	0	14	0	1:02:24	1:02:24	0:00:00
NORTHBROOK PUB LIBR	INO	IL	Public	4	4	0	0	0	0	4	0	0:00:00	0:00:00	0:00:00
NORTHEAST KANSAS LIBR SYST (NEKLS)	CZ5	KS	Other	2	2	0	1	1	0	1	0	3:00:00	3:00:00	0:00:00
NORTHERN ARIZONA UNIV	AZN	AZ	Academic	1	1	0	1	1	0	0	0	2:00:00	2:00:00	0:00:00
NORTHERN ILLINOIS UNIV	JNA	IL	Academic	1	1	0	1	1	0	0	0	0:00:00	0:00:00	0:00:00
NORTHERN KENTUCKY UNIV	KHN	KY	Academic	1	1	0	0	0	0	1	0	0:00:00	0:00:00	0:00:00
NORTHWEST UNIV	HNW	WA	Academic	2	2	0	0	0	0	2	0	0:00:00	0:00:00	0:00:00
OAK LAWN PUBLIC LIBRARY	IVJ	IL	Public	4	4	0	0	0	0	4	0	0:00:00	0:00:00	0:00:00
OCCIDENTAL COL LIBR	CCO	CA	Academic	2	2	0	0	0	0	2	0	0:00:00	0:00:00	0:00:00
OHIO STATE UNIV, THE	OSU	OH	Academic	1	1	0	1	1	0	0	0	4:00:00	4:00:00	0:00:00
OKLAHOMA DEPT OF LIBR	OKD	OK	State Library	1	1	0	0	0	0	1	0	0:00:00	0:00:00	0:00:00
OLATHE PUB LIBR	KOP	KS	Public	5	5	0	2	2	0	3	0	1:00:00	1:00:00	0:00:00
OLD COLONY LIBR NETWORK	OCD	MA	Other	19	19	0	13	13	0	7	0	1:14:53	1:14:53	0:00:00
OLDHAM CNTY PUB LIBR	KL3	KY	Public	1	1	0	0	0	0	1	0	0:00:00	0:00:00	0:00:00
OLYMPIC COL	Z84	WA	Academic	2	2	0	2	1	1	0	0	2:00:00	0:00:00	4:00:00
ORANGE COUNTY PUBLIC LIBRARIES	ORK	CA	Public	1	1	0	1	1	0	0	0	0:00:00	0:00:00	0:00:00
ORCAS ISLAND LIBR DIST	Z66	WA	Public	3	3	0	1	1	0	2	0	1:00:00	1:00:00	0:00:00
OREGON HEALTH & SCI UNIV	OHS	OR	Academic	1	1	0	0	0	0	1	0	0:00:00	0:00:00	0:00:00
OREGON INST OF TECHNOL LIBR	OIT	OR	Academic	1	1	0	0	0	0	1	0	0:00:00	0:00:00	0:00:00
OREGON STATE UNIV CORVALLIS	ORE	OR	Academic	40	40	0	10	10	0	31	0	1:19:12	1:19:12	0:00:00
PACIFIC LUTHERAN UNIV	OPV	WA	Academic	4	4	0	3	3	0	1	0	0:00:00	0:00:00	0:00:00
PACIFIC UNIV	OPU	OR	Academic	1	1	0	1	1	0	0	0	0:00:00	0:00:00	0:00:00
PALM BEACH CNTY LIBR SYST	FWP	FL	Public	7	7	0	1	1	0	7	0	0:00:00	0:00:00	0:00:00
PARK RIDGE PUB LIBR	GO6	IL	Public	1	1	0	0	0	0	1	0	0:00:00	0:00:00	0:00:00
PASADENA PUB LIBR	T7P	TX	Public	1	0	0	0	0	0	1	0	0:00:00	0:00:00	0:00:00
PATRICK HEATH PUB LIBR	T2S	TX	Public	1	1	0	0	0	0	1	0	0:00:00	0:00:00	0:00:00
PAUL SAWYIER PUB LIBR	KL8	KY	Public	2	2	0	0	0	0	2	0	0:00:00	0:00:00	0:00:00
PAYSON CITY LIBR	UTPAY	UT	Public	1	1	0	1	1	0	0	0	1:00:00	1:00:00	0:00:00
PEKIN PUB LIBR	IEW	IL	Public	1	1	0	0	0	0	1	0	0:00:00	0:00:00	0:00:00
PEND OREILLE CNTY LIBR DIST	XRQ	WA	Public	3	3	0	0	0	0	3	0	0:00:00	0:00:00	0:00:00
PERRY CNTY DIST LIBR NEW LEXINGTON	FO0	OH	Public	1	1	0	0	0	0	1	0	0:00:00	0:00:00	0:00:00
PFLUGERVILLE PUB LIBR	PFLCL	TX	Public	1	0	0	0	0	0	1	0	0:00:00	0:00:00	0:00:00
PHILLIPS THEOL SEMINARY LIBR	OKG	OK	Theological	1	1	0	0	0	0	1	0	0:00:00	0:00:00	0:00:00
PHOENIX PUB LIBR	PNX	AZ	Public	3	3	0	2	2	0	1	0	1:12:00	1:12:00	0:00:00
PIERCE CNTY LIBR SYST	RLS	WA	Public	123	123	0	50	50	0	73	0	1:11:02	1:11:02	0:00:00
PIKES PEAK COMMUN COL	COE	CO	Academic	1	1	0	0	0	0	1	0	0:00:00	0:00:00	0:00:00
PIKES PEAK LIBR DIST	CQU	CO	Public	14	14	0	5	5	0	10	0	2:04:48	2:04:48	0:00:00
PIMA CNTY PUB LIBR	AZT	AZ	Public	3	3	0	0	0	0	3	0	0:00:00	0:00:00	0:00:00
PINE MOUNTAIN REG LIBR	GBP	GA	Public	1	1	0	1	1	0	0	0	0:00:00	0:00:00	0:00:00
PITTSBURG STATE UNIV	KFP	KS	Academic	1	1	0	0	0	0	1	0	0:00:00	0:00:00	0:00:00
PORT TOWNSEND PUB LIBR	AA3	WA	Public	4	4	0	2	2	0	2	0	1:00:00	1:00:00	0:00:00
PORTLAND PUB LIBR	PPN	ME	Public	2	2	0	2	2	0	0	0	0:12:00	0:12:00	0:00:00
PRATT INST LIBRS	VZQ	NY	Academic	1	1	0	0	0	0	1	0	0:00:00	0:00:00	0:00:00
PREBLE CNTY DIST LIBR	PWR	OH	Public	1	1	0	1	1	0	0	0	0:00:00	0:00:00	0:00:00
PRESCOTT PUB LIBR	ZPT	AZ	Public	1	1	0	0	0	0	1	0	0:00:00	0:00:00	0:00:00
PRESCOTT VAL PUB LIBR	PR#	AZ	Public	1	1	0	1	1	0	0	0	0:00:00	0:00:00	0:00:00
PRINCE WILLIAM PUB LIBR	VPW	VA	Public	1	1	0	1	1	0	0	0	0:00:00	0:00:00	0:00:00
PRINCETON UNIV	PUL	NJ	Academic	1	1	0	0	0	0	1	0	0:00:00	0:00:00	0:00:00
PROVIDENCE COL, PHILLIPS MEM LIBR	PRC	RI	Academic	1	1	0	0	0	0	1	0	0:00:00	0:00:00	0:00:00
PROVO CITY PUB LIBR	UPZ	UT	Public	1	1	0	1	1	0	1	0	2:00:00	2:00:00	0:00:00
PUBLIC LIBR OF ENID & GARFIELD CNTY	OEG	OK	Public	1	1	0	0	0	0	1	0	0:00:00	0:00:00	0:00:00
PURDUE UNIV	IPL	IN	Academic	3	3	0	1	1	0	1	0	1:00:00	1:00:00	0:00:00
PURDUE UNIV FT WAYNE	HV6	IN	Academic	2	2	0	0	0	0	2	0	0:00:00	0:00:00	0:00:00
QUEENS BOROUGH PUB LIBR	ZQP	NY	Public	3	3	0	3	3	0	0	0	2:00:00	2:00:00	0:00:00
QUEENS UNIV LIBR	Q2U	ON	Academic	1	1	0	0	0	0	1	0	0:00:00	0:00:00	0:00:00
RAINSVILLE PUB LIBR	MWJ	AL	Public	1	1	0	1	1	0	0	0	3:00:00	3:00:00	0:00:00
RANDOLPH-MACON COL	VRM	VA	Academic	1	1	0	0	0	0	1	0	0:00:00	0:00:00	0:00:00
RAPID CITY PUB LIBRS	RCP	SD	Public	0	0	0	1	1	0	0	0	6:00:00	6:00:00	0:00:00
REACHING ACROSS ILLINOIS LIBR SYST	JBR	IL	Public	3	3	0	1	1	0	2	0	2:00:00	2:00:00	0:00:00
REED COL LIBR	ORC	OR	Academic	1	1	0	1	1	0	0	0	0:00:00	0:00:00	0:00:00
REGIS UNIV	COR	CO	Academic	2	2	0	1	1	0	1	0	0:00:00	0:00:00	0:00:00
RHODE ISLAND COLL LIBR	RCM	RI	Academic	1	1	0	0	0	0	1	0	0:00:00	0:00:00	0:00:00
RHODE ISLAND OFF OF LIBR & INFO SERVS	RDS	RI	State Library	1	1	0	0	0	0	1	0	0:00:00	0:00:00	0:00:00
RICHLAND PUB LIBR	XTW	WA	Public	3	3	0	1	1	0	2	0	3:00:00	3:00:00	0:00:00
RICHMOND PUB LIBR	RICHP	UT	Public	1	1	0	1	1	0	0	0	0:00:00	0:00:00	0:00:00
RIPON COL LIBR	WIP	WI	Academic	2	2	0	0	0	0	2	0	0:00:00	0:00:00	0:00:00
ROCHESTER PUB LIBR	ROC	MN	Public	2	2	0	2	2	0	0	0	2:00:00	2:00:00	0:00:00
ROCKFORD PUB LIBR	JBO	IL	Public	5	5	0	2	2	0	3	0	0:00:00	0:00:00	0:00:00
ROEHAMPTON UNIV	UKUSR	EU	Academic	1	1	0	0	0	0	1	1	0:00:00	0:00:00	0:00:00
ROLLING HILLS CONSOLIDATED LIBR	MZ3	MO	Public	1	1	0	0	0	0	2	0	0:00:00	0:00:00	0:00:00
ROLLING MEADOWS LIBR	GO7	IL	Public	1	1	0	0	0	0	1	0	0:00:00	0:00:00	0:00:00
ROLLINS COL	FWR	FL	Academic	1	1	0	0	0	0	1	0	0:00:00	0:00:00	0:00:00
ROYAL DANISH LIBR - COPENHAGEN CUL DKB	DKB	EU	State Library	3	3	0	1	1	0	2	0	0:00:00	0:00:00	0:00:00
RUTGERS THE STATE UNIV OF NEW JER	NJR	NJ	Academic	4	4	0	0	0	0	4	0	0:00:00	0:00:00	0:00:00
SAINT CHARLES CITY-CNTY LIBR DIST	ZAC	MO	Public	3	3	0	1	1	0	2	0	1:00:00	1:00:00	0:00:00
SAINT JOSEPH PUB LIBR	MQP	MO	Public	1	1	0	0	0	0	1	0	0:00:00	0:00:00	0:00:00
SAINT LOUIS CNTY LIBR	ZAE	MO	Public	4	4	0	1	1	0	3	0	0:00:00	0:00:00	0:00:00
SAINT LOUIS PUB LIBR	SVP	MO	Public	3	3	0	1	1	0	2	0	0:00:00	0:00:00	0:00:00
SAINT MARTIN'S UNIV	WSL	WA	Academic	9	9	1	4	4	0	4	0	1:00:00	1:00:00	0:00:00
SAINT MARYS COMMUN PUB LIBR	C@M	OH	Public	1	1	0	0	0	0	1	0	0:00:00	0:00:00	0:00:00
SAINT OLAF COL	MNO	MN	Academic	1	1	0	0	0	0	1	0	0:00:00	0:00:00	0:00:00
SAINT PETERSBURG PUB LIBR	FPE	FL	Public	1	1	0	0	0	0	1	0	0:00:00	0:00:00	0:00:00
SALEM CITY LIBR	UTSAL	UT	Public	1	1	0	0	0	0	1	0	0:00:00	0:00:00	0:00:00
SALEM PUB LIBR	OSE	OR	Public	6	6	0	2	2	0	4	0	3:00:00	3:00:00	0:00:00
SALT LAKE CITY PUB LIBR	UUP	UT	Public	7	7	0	4	4	0	5	0	3:12:00	3:12:00	0:00:00
SALT LAKE CNTY LIBR SVC	UUC	UT	Public	10	10	0	3	3	0	7	0	2:07:55	2:07:55	0:00:00
SAM HOUSTON STATE UNIV	SHH	TX	Academic	3	3	0	1	1	0	2	0	2:00:00	2:00:00	0:00:00
SAN ANTONIO PUB LIBR	SAP	TX	Public	4	0	0	0	0	0	5	0	0:00:00	0:00:00	0:00:00
SAN FRANCISCO PUB LIBR	SFR	CA	Public	2	2	0	2	2	0	0	0	1:12:00	1:12:00	0:00:00
SAN FRANCISCO STATE UNIV LIBR	CSF	CA	Academic	1	1	0	0	0	0	1	0	0:00:00	0:00:00	0:00:00
SAN JUAN CNTY LIBR	MONTI	UT	Public	1	1	0	0	0	0	1	0	0:00:00	0:00:00	0:00:00
SAN JUAN ISLAND LIBR DIST	SJI	WA	Public	22	22	0	8	8	0	15	0	2:03:07	2:03:07	0:00:00
SANPETE CNTY BOOKMOBILE LIBR	UTSNP	UT	Public	1	1	0	0	0	0	1	0	0:00:00	0:00:00	0:00:00
SANTA CRUZ PUB LIBRS	JTA	CA	Public	1	1	0	0	0	0	1	0	0:00:00	0:00:00	0:00:00
SANTAQUIN PUB LIBR	SANTA	UT	Public	1	1	0	1	1	0	0	0	0:00:00	0:00:00	0:00:00
SCHAUMBURG TOWNSHIP DIST LIBR	GO9	IL	Public	5	5	0	0	0	0	5	0	0:00:00	0:00:00	0:00:00
SCHERTZ PUB LIBR	TXSCH	TX	Public	1	0	0	0	0	0	1	0	0:00:00	0:00:00	0:00:00
SCHOOL OF THE ART INST OF CHICAGO LIBR	ILO	IL	Academic	1	1	0	1	1	0	0	0	4:00:00	4:00:00	0:00:00
SCOTTSDALE PUB LIBR	AZD	AZ	Public	1	1	0	0	0	0	1	0	0:00:00	0:00:00	0:00:00
SEASIDE PUB LIBR	XV9	OR	Public	8	8	0	3	3	0	6	0	2:16:05	2:16:05	0:00:00
SEATTLE PACIFIC UNIV LIBR	OXF	WA	Academic	3	3	0	1	1	0	2	0	0:00:00	0:00:00	0:00:00
SEATTLE PUB LIBR	UOK	WA	Public	37	37	0	15	15	0	21	0	2:09:36	2:09:36	0:00:00
SEATTLE SCH OF THEOL & PSYCH	MARHG	WA	Academic	1	1	0	0	0	0	1	0	0:00:00	0:00:00	0:00:00
SEATTLE UNIV	WSE	WA	Academic	1	1	0	1	1	0	0	0	0:00:00	0:00:00	0:00:00
SEDALIA PUB LIBR	MZ9	MO	Public	1	1	0	0	0	0	1	0	0:00:00	0:00:00	0:00:00
SETON HALL UNIV	STH	NJ	Academic	3	3	0	0	0	0	3	0	0:00:00	0:00:00	0:00:00
SHERIDAN PUB LIBR	P@T	MT	Public	2	2	1	0	0	0	1	0	0:00:00	0:00:00	0:00:00
SHERWOOD PUB LIBR	OXE	OR	Public	4	4	0	3	3	0	1	0	0:07:55	0:07:55	0:00:00
SIERRA VISTA PUB LIBR	SVZ	AZ	Public	1	1	0	1	1	0	0	0	5:00:00	5:00:00	0:00:00
SIOUXLAND LIBR	SDD	SD	Public	3	3	0	2	2	0	1	0	0:12:00	0:12:00	0:00:00
SIUSLAW PUB LIBR DIST	SIUSL	OR	Public	1	1	0	0	0	0	0	0	0:00:00	0:00:00	0:00:00
SKAGIT VAL COLL LIBR MEDIA CTR	Z74	WA	Academic	1	1	0	1	1	0	0	0	1:00:00	1:00:00	0:00:00
SKIDMORE COL	VZS	NY	Academic	1	1	0	1	1	0	0	0	1:00:00	1:00:00	0:00:00
SKOKIE PUB LIBR	IHG	IL	Public	1	1	0	0	0	0	1	0	0:00:00	0:00:00	0:00:00
SMITHVILLE PUBL LIBR	TXSME	TX	Public	1	0	0	0	0	0	1	0	0:00:00	0:00:00	0:00:00
SNO-ISLE LIBRS	OEM	WA	Public	39	39	0	19	19	0	19	0	1:07:41	1:07:41	0:00:00
SOMERSET CNTY LIBR	SOM	NJ	Public	1	1	0	1	1	0	0	0	0:00:00	0:00:00	0:00:00
SOUTH CENT LIBR SYST	WIM	WI	Public	2	2	0	0	0	0	2	0	0:00:00	0:00:00	0:00:00
SOUTHEASTERN PUB LIBR SYS OF OKLAHOMA	OKI	OK	Public	5	5	0	2	2	0	3	0	0:00:00	0:00:00	0:00:00
SOUTHLAKE PUB LIBR	SLPLM	TX	Public	2	0	0	1	1	0	1	0	2:00:00	2:00:00	0:00:00
SOUTHWEST KANSAS LIBR SYST	KKV	KS	Other	1	1	0	1	1	0	0	0	0:00:00	0:00:00	0:00:00
SPANISH FORK LIBR	RF0	UT	Public	1	1	0	0	0	0	2	0	0:00:00	0:00:00	0:00:00
SPARTANBURG CNTY PUB LIBR	SPL	SC	Public	1	1	0	0	0	0	1	0	0:00:00	0:00:00	0:00:00
SPOKANE CNTY LIBR DIST	WSN	WA	Public	48	48	1	26	26	0	21	0	1:17:31	1:17:31	0:00:00
SPOKANE PUB LIBR	UAG	WA	Public	22	22	0	6	6	0	15	0	1:04:05	1:04:05	0:00:00
SPRING ARBOR UNIV	EES	MI	Academic	1	1	0	0	0	0	1	0	0:00:00	0:00:00	0:00:00
SPRINGFIELD GREENE CNTY LIBR	MOS	MO	Public	9	9	0	3	3	0	6	0	0:00:00	0:00:00	0:00:00
STANFORD UNIV LIBR	STF	CA	Academic	1	1	0	0	0	0	1	0	0:00:00	0:00:00	0:00:00
STATE LIBR OF FLORIDA	FBA	FL	State Library	3	3	0	2	2	0	1	0	2:12:00	2:12:00	0:00:00
STATE LIBR OF LOUISIANA ISO ILL	AGLSL	LA	State or Municipal Governments	36	20	0	7	7	0	29	0	1:03:22	1:03:22	0:00:00
STATE LIBR OF OREGON	OSO	OR	State Library	1	1	0	1	1	0	0	0	1:00:00	1:00:00	0:00:00
STERLING COL, MABEE LIBR	KKQ	KS	Academic	1	1	0	1	1	0	0	0	0:00:00	0:00:00	0:00:00
STEVENS INST OF TECH	NNO	NJ	Academic	1	1	0	0	0	0	1	0	0:00:00	0:00:00	0:00:00
STONY BROOK UNIV	YSM	NY	Academic	1	1	0	0	0	0	1	0	0:00:00	0:00:00	0:00:00
SUMMIT CNTY LIBR SYST, KAMAS BRANCH	UTSUM	UT	Public	1	1	0	0	0	0	1	0	0:00:00	0:00:00	0:00:00
SUMTER CNTY LIBR SYST	M4L	FL	Public	1	1	0	1	1	0	0	0	0:00:00	0:00:00	0:00:00
SUNY AGR & TECH COL AT COBLESKILL	WKM	NY	Academic	1	1	0	0	0	0	1	0	0:00:00	0:00:00	0:00:00
SUNY AT BINGHAMTON	BNG	NY	Academic	1	1	0	0	0	0	1	0	0:00:00	0:00:00	0:00:00
SUNY AT BUFFALO	BUF	NY	Major Academic Research	2	2	0	0	0	0	2	0	0:00:00	0:00:00	0:00:00
SUNY AT STONY BROOK, HEALTH SCI LIBR	VZB	NY	Medical	2	2	0	1	1	0	1	0	1:00:00	1:00:00	0:00:00
SUNY COL AT FREDONIA	XFM	NY	Academic	3	3	0	1	1	0	2	0	0:00:00	0:00:00	0:00:00
SWEET BRIAR COL LIBR	VSB	VA	Academic	1	1	0	0	0	0	1	0	0:00:00	0:00:00	0:00:00
TACOMA COMMUN COL LIBR	Z95	WA	Academic	1	1	0	0	0	0	0	0	0:00:00	0:00:00	0:00:00
TACOMA PUB LIBR	TAW	WA	Public	8	8	0	3	3	0	6	0	1:07:55	1:07:55	0:00:00
TAMPA-HILLSBOROUGH CNTY PUB LIBR	TNH	FL	Public	2	2	0	2	2	0	0	0	0:00:00	0:00:00	0:00:00
TARLETON STATE UNIV	TTS	TX	Academic	1	1	0	1	1	0	0	0	1:00:00	1:00:00	0:00:00
TAYLOR PUB LIBR	DF$	TX	Public	1	0	0	0	0	0	1	0	0:00:00	0:00:00	0:00:00
TEMPLE UNIV	TEU	PA	Academic	1	1	0	0	0	0	1	0	0:00:00	0:00:00	0:00:00
TETON CNTY LIBR	W8T	WY	Public	1	1	0	2	2	0	0	0	2:12:00	2:12:00	0:00:00
TEXARKANA PUB LIBR	RKA	TX	Public	8	8	0	0	0	0	8	0	0:00:00	0:00:00	0:00:00
TEXAS A&M UNIV	TXA	TX	Academic	2	2	0	0	0	0	2	0	0:00:00	0:00:00	0:00:00
TEXAS SOUTHERN UNIV	TXT	TX	Academic	1	1	0	0	0	0	1	0	0:00:00	0:00:00	0:00:00
TEXAS TECH UNIV	ILU	TX	Academic	38	38	0	11	11	0	27	0	0:17:31	0:17:31	0:00:00
THAYNE BRANCH LIB	WYTHA	WY	Public	1	1	0	0	0	0	1	0	0:00:00	0:00:00	0:00:00
THE LIBRS OF STEVENS CNTY	LZS	WA	Public	2	2	0	2	2	0	0	0	0:00:00	0:00:00	0:00:00
TIGARD PUB LIBR	OQW	OR	Public	4	4	0	1	1	0	3	0	1:00:00	1:00:00	0:00:00
TIMBERLAND REG LIBR	UOJ	WA	Public	121	121	0	66	66	0	57	0	1:01:12	1:01:12	0:00:00
TINLEY PARK PUB LIBR	HHO	IL	Public	1	1	0	0	0	0	1	0	0:00:00	0:00:00	0:00:00
TIPP CITY PUB LIBR	OHTCP	OH	Public	1	1	0	0	0	0	1	0	0:00:00	0:00:00	0:00:00
TOM GREEN CNTY LIBR SYST	QT5	TX	Public	4	0	0	2	2	0	2	0	2:12:00	2:12:00	0:00:00
TOMPKINS-CORTLAND COMMUN COL LIBR	VXT	NY	Academic	1	1	0	1	1	0	0	0	1:00:00	1:00:00	0:00:00
TOPEKA & SHAWNEE CNTY PUB LIBR	KTP	KS	Public	2	2	0	1	1	0	1	0	1:00:00	1:00:00	0:00:00
TOURO COLL LAW CTR	ZTL	NY	Academic	1	1	0	0	0	0	1	0	0:00:00	0:00:00	0:00:00
TRINITY COLL LIBR	TYC	CT	Academic	1	1	0	1	1	0	0	0	2:00:00	2:00:00	0:00:00
TUALATIN PUB LIBR	OQS	OR	Public	1	1	0	1	1	0	0	0	0:00:00	0:00:00	0:00:00
TUFTS UNIV	TFW	MA	Academic	1	1	0	1	1	0	0	0	2:00:00	2:00:00	0:00:00
TULANE UNIV	LRU	LA	Academic	4	4	0	0	0	0	4	0	0:00:00	0:00:00	0:00:00
TWIN FALLS PUB LIBR	Y#4	ID	Public	3	3	0	2	2	0	1	0	0:12:00	0:12:00	0:00:00
UNALASKA PUB LIBR	X@8	AK	Public	1	1	0	0	0	0	1	0	0:00:00	0:00:00	0:00:00
UNIV OF ALABAMA	ALM	AL	Academic	1	1	0	1	1	0	0	0	1:00:00	1:00:00	0:00:00
UNIV OF ALABAMA, BIRMINGHAM	ABC	AL	Academic	1	1	0	0	0	0	1	0	0:00:00	0:00:00	0:00:00
UNIV OF ALASKA, ANCHORAGE	UAA	AK	Academic	3	3	0	0	0	0	3	0	0:00:00	0:00:00	0:00:00
UNIV OF ALBERTA	UAB	AB	Academic	1	1	0	0	0	0	1	0	0:00:00	0:00:00	0:00:00
UNIV OF ARIZONA	AZU	AZ	Major Academic Research	5	5	0	1	1	0	4	0	5:00:00	5:00:00	0:00:00
UNIV OF AUCKLAND LIBR	UV0	AS	Academic	1	1	0	0	0	0	0	0	0:00:00	0:00:00	0:00:00
UNIV OF BALTIMORE	BAL	MD	Academic	1	1	0	0	0	0	1	0	0:00:00	0:00:00	0:00:00
UNIV OF CALGARY LIBR	UAU	AB	Academic	1	1	0	1	1	0	0	0	1:00:00	1:00:00	0:00:00
UNIV OF CALIFORNIA BERKELEY LIBR	CUY	CA	Academic	2	2	0	0	0	0	2	0	0:00:00	0:00:00	0:00:00
UNIV OF CALIFORNIA, DAVIS, SHIELDS LIBR	CUV	CA	Major Academic Research	2	2	0	0	0	0	2	0	0:00:00	0:00:00	0:00:00
UNIV OF CALIFORNIA, LOS ANGELES	CLU	CA	Academic	16	16	0	5	5	0	12	0	0:04:48	0:04:48	0:00:00
UNIV OF CALIFORNIA, RIVERSIDE	CRU	CA	Major Academic Research	9	9	0	2	2	0	7	0	2:00:00	2:00:00	0:00:00
UNIV OF CALIFORNIA, SAN DIEGO	CUS	CA	Academic	1	1	0	0	0	0	1	0	0:00:00	0:00:00	0:00:00
UNIV OF CALIFORNIA, SANTA BARBARA	CUT	CA	Academic	1	1	0	0	0	0	1	0	0:00:00	0:00:00	0:00:00
UNIV OF CENTRAL MISSOURI LIBR	MCW	MO	Academic	3	3	0	0	0	0	3	1	0:00:00	0:00:00	0:00:00
UNIV OF CHICAGO	CGU	IL	Major Academic Research	1	1	0	0	0	0	1	0	0:00:00	0:00:00	0:00:00
UNIV OF CINCINNATI	CIN	OH	Academic	1	1	0	0	0	0	1	0	0:00:00	0:00:00	0:00:00
UNIV OF DENVER UNIV LIBR	DVP	CO	Academic	1	1	0	0	0	0	0	0	0:00:00	0:00:00	0:00:00
UNIV OF ESSEX	EUE	EU	Academic	1	1	0	0	0	0	1	0	0:00:00	0:00:00	0:00:00
UNIV OF FLORIDA	FUG	FL	Academic	2	2	0	0	0	0	2	0	0:00:00	0:00:00	0:00:00
UNIV OF GEORGIA	GUA	GA	Academic	1	1	0	0	0	0	1	0	0:00:00	0:00:00	0:00:00
UNIV OF HAWAII AT MANOA LIBR	HUH	HI	Academic	1	1	0	1	1	0	0	0	1:00:00	1:00:00	0:00:00
UNIV OF HONG KONG	HUA	AS	Academic	2	2	0	0	0	0	2	0	0:00:00	0:00:00	0:00:00
UNIV OF HOUSTON, DOWNTOWN	THD	TX	Academic	2	2	0	0	0	0	0	0	0:00:00	0:00:00	0:00:00
UNIV OF IDAHO LIBR	NTD	ID	Academic	5	5	0	2	2	0	3	0	3:00:00	3:00:00	0:00:00
UNIV OF IOWA LIBR	NUI	IA	Major Academic Research	1	1	0	1	1	0	0	0	3:00:00	3:00:00	0:00:00
UNIV OF LOUISVILLE	KLG	KY	Academic	2	2	0	1	1	0	1	0	1:00:00	1:00:00	0:00:00
UNIV OF MARYLAND, COL PARK	UMC	MD	Academic	5	5	0	1	1	0	4	0	0:00:00	0:00:00	0:00:00
UNIV OF MASSACHUSETTS AMHERST	AUM	MA	Major Academic Research	1	1	0	0	0	0	1	0	0:00:00	0:00:00	0:00:00
UNIV OF MASSACHUSETTS BOSTON	BMU	MA	Academic	2	2	0	0	0	0	2	0	0:00:00	0:00:00	0:00:00
UNIV OF MICHIGAN LIBR	EYM	MI	Major Academic Research	5	5	0	2	2	0	3	0	3:12:00	3:12:00	0:00:00
UNIV OF MINNESOTA, LAW LIBR	MLL	MN	Law Libraries	1	1	0	0	0	0	1	0	0:00:00	0:00:00	0:00:00
UNIV OF MONTANA, MANSFIELD LIBR	MTG	MT	Academic	1	1	0	0	0	0	1	0	0:00:00	0:00:00	0:00:00
UNIV OF N CAROLINA CHARLOTTE	NKM	NC	Academic	1	1	0	0	0	0	1	0	0:00:00	0:00:00	0:00:00
UNIV OF N CAROLINA, CHAPEL HILL	NOC	NC	Academic	1	1	0	0	0	0	1	0	0:00:00	0:00:00	0:00:00
UNIV OF NEBRASKA AT OMAHA	NBU	NE	Academic	1	1	0	0	0	0	1	0	0:00:00	0:00:00	0:00:00
UNIV OF NEVADA LAS VEGAS	UNL	NV	Academic	1	1	0	0	0	0	1	0	0:00:00	0:00:00	0:00:00
UNIV OF NEVADA RENO	NNY	NV	Academic	2	2	0	0	0	0	2	0	0:00:00	0:00:00	0:00:00
UNIV OF NEW ORLEANS	LNU	LA	Academic	2	2	0	1	1	0	1	0	0:00:00	0:00:00	0:00:00
UNIV OF NOTRE DAME	IND	IN	Academic	1	1	0	1	1	0	0	0	0:00:00	0:00:00	0:00:00
UNIV OF OKLAHOMA	OKU	OK	Major Academic Research	1	1	0	0	0	0	1	0	0:00:00	0:00:00	0:00:00
UNIV OF OREGON LIBR	ORU	OR	Academic	22	22	0	8	8	0	13	0	1:00:00	1:00:00	0:00:00
UNIV OF PENNSYLVANIA	PAU	PA	Academic	4	4	0	0	0	0	3	0	0:00:00	0:00:00	0:00:00
UNIV OF ROCHESTER	RRR	NY	Major Academic Research	2	2	0	1	1	0	1	0	1:00:00	1:00:00	0:00:00
UNIV OF S ALABAMA MARX LIBR	ACM	AL	Academic	1	1	0	0	0	0	1	0	0:00:00	0:00:00	0:00:00
UNIV OF S CAROLINA	SUC	SC	Major Academic Research	1	1	0	0	0	0	1	0	0:00:00	0:00:00	0:00:00
UNIV OF S FLORIDA LIBR	FHM	FL	Academic	2	2	0	0	0	0	2	0	0:00:00	0:00:00	0:00:00
UNIV OF S FLORIDA, ST PETERSBURG	FHS	FL	Academic	1	1	0	0	0	0	1	0	0:00:00	0:00:00	0:00:00
UNIV OF SOUTHERN CALIFORNIA	CSL	CA	Academic	8	8	0	4	4	0	4	0	0:06:00	0:06:00	0:00:00
UNIV OF SOUTHERN MAINE	PGP	ME	Academic	1	1	0	1	1	0	0	0	5:00:00	5:00:00	0:00:00
UNIV OF TEXAS AT AUSTIN	IXA	TX	Academic	9	9	0	0	0	0	9	0	0:00:00	0:00:00	0:00:00
UNIV OF THE PACIFIC LIBR	UOP	CA	Academic	2	2	0	0	0	0	2	0	0:00:00	0:00:00	0:00:00
UNIV OF TOLEDO	TOL	OH	Academic	1	1	0	1	1	0	0	0	1:00:00	1:00:00	0:00:00
UNIV OF UTAH	UUM	UT	Academic	1	1	0	1	1	0	0	0	3:00:00	3:00:00	0:00:00
UNIV OF VERMONT HOWE LIBR	VTU	VT	Academic	1	1	0	0	0	0	1	0	0:00:00	0:00:00	0:00:00
UNIV OF VIRGINIA	VA@	VA	Academic	2	2	0	1	1	0	0	0	1:00:00	1:00:00	0:00:00
UNIV OF WASHINGTON LIBR	WAU	WA	Major Academic Research	50	50	0	10	10	0	39	0	1:02:24	1:02:24	0:00:00
UNIV OF WATERLOO LIBR	UWW	ON	Academic	1	1	0	0	0	0	1	0	0:00:00	0:00:00	0:00:00
UNIV OF WISCONSIN, MADISON, GEN LIBR SYS	GZM	WI	Academic	2	2	0	0	0	0	2	0	0:00:00	0:00:00	0:00:00
UNIV OF WISCONSIN, STOUT	GZS	WI	Academic	1	1	0	0	0	0	1	0	0:00:00	0:00:00	0:00:00
UNIV OF WYOMING LIBR	WYU	WY	Academic	4	4	0	2	2	0	2	0	0:00:00	0:00:00	0:00:00
US AIR FORCE, EIELSON BASE LIBR	AYH	AK	Federal/Natl Government	2	2	0	1	1	0	1	0	0:00:00	0:00:00	0:00:00
US AIR FORCE, FAIRCHILD AFB, FL4620	FGJ	WA	Federal/Natl Government	4	4	0	2	2	0	2	0	3:00:00	3:00:00	0:00:00
US AIR FORCE, LUKE AFB LIBR	TYL	AZ	Federal/Natl Government	1	1	0	1	1	0	0	0	1:00:00	1:00:00	0:00:00
US NAVAL ACAD	UNA	MD	Academic	1	1	0	0	0	0	1	0	0:00:00	0:00:00	0:00:00
UTAH STATE UNIV	UUS	UT	Academic	8	8	0	4	4	0	4	0	1:00:00	1:00:00	0:00:00
VANDERBILT UNIV LIBR	TJC	TN	Academic	1	1	0	0	0	0	1	0	0:00:00	0:00:00	0:00:00
VERMONT DEPT OF LIBR, PROC CTR	VSS	VT	State or Municipal Governments	1	1	0	0	0	0	1	0	0:00:00	0:00:00	0:00:00
VILLANOVA UNIV	PVU	PA	Academic	1	1	0	0	0	0	1	0	0:00:00	0:00:00	0:00:00
VIRGINIA TECH	VPI	VA	Academic	1	1	0	0	0	0	1	0	0:00:00	0:00:00	0:00:00
WALDRON ISLAND SCH LIBR	WISLI	WA	Schools Below College Level	1	1	0	1	1	0	0	0	1:00:00	1:00:00	0:00:00
WALLA WALLA CNTY RURAL LIBR DIST	XVJ	WA	Public	18	18	0	5	5	0	13	0	1:00:00	1:00:00	0:00:00
WARREN NEWPORT PUB LIBR DIST	IHZ	IL	Public	1	1	0	0	0	0	1	0	0:00:00	0:00:00	0:00:00
WASHINGTON CNTY LIBR SYST	OZA	AR	Public	1	1	0	0	0	0	1	0	0:00:00	0:00:00	0:00:00
WASHINGTON CORR CTR FOR WOMEN LIBR	Z83	WA	State or Municipal Governments	9	9	0	3	3	0	5	0	0:07:55	0:07:55	0:00:00
WASHINGTON CORRECTIONS CTR LIBR	Z#5	WA	State or Municipal Governments	2	2	0	0	0	0	2	0	0:00:00	0:00:00	0:00:00
WASHINGTON STATE DEPT LABOR & INDUSTRIES	JI1	WA	State or Municipal Governments	1	1	0	0	0	0	1	0	0:00:00	0:00:00	0:00:00
WASHINGTON STATE LIBR	WRJ	WA	State Library	1	1	0	1	1	0	0	0	2:00:00	2:00:00	0:00:00
WASHINGTON STATE PATROL	WSPLI	WA	State or Municipal Governments	1	1	0	0	0	0	1	1	0:00:00	0:00:00	0:00:00
WASHINGTON STATE UNIV	NTE	WA	Major Academic Research	12	12	0	1	1	0	10	0	2:00:00	2:00:00	0:00:00
WASHINGTON STATE UNIV LIBR	WS7	WA	Academic	2	2	0	0	0	0	2	0	0:00:00	0:00:00	0:00:00
WASHINGTON STATE UNIV, VANCOUVER	WS2	WA	Academic	8	8	0	2	2	0	6	0	2:00:00	2:00:00	0:00:00
WASHOE CNTY LIBR SYST	NUW	NV	Public	2	2	0	2	2	0	0	0	1:12:00	1:12:00	0:00:00
WATERTOWN REG LIBR	ZWA	SD	Public	1	1	0	0	0	0	1	0	0:00:00	0:00:00	0:00:00
WAYNE STATE UNIV	EYW	MI	Academic	2	2	0	0	0	0	2	0	0:00:00	0:00:00	0:00:00
WEBER STATE UNIV	UUO	UT	Academic	0	0	0	1	1	0	0	0	5:00:00	5:00:00	0:00:00
WEBSTER GROVES PUB LIBR	MW2	MO	Public	2	2	0	0	0	0	2	0	0:00:00	0:00:00	0:00:00
WESLEYAN UNIV	WLU	CT	Academic	1	1	0	0	0	0	1	0	0:00:00	0:00:00	0:00:00
WEST VIRGINIA UNIV LIBR	WVU	WV	Academic	2	2	0	1	1	0	1	0	1:00:00	1:00:00	0:00:00
WESTCHESTER LIBR SYST	VVW	NY	Public	5	5	0	0	0	0	5	0	0:00:00	0:00:00	0:00:00
WESTERN KENTUCKY UNIV LIBRS	KNV	KY	Academic	2	2	0	0	0	0	2	0	0:00:00	0:00:00	0:00:00
WESTERN MICHIGAN UNIV	EXW	MI	Academic	1	1	0	0	0	0	1	0	0:00:00	0:00:00	0:00:00
WESTERN PLAINS LIBR SYST	OWE	OK	Public	2	2	0	0	0	0	1	0	0:00:00	0:00:00	0:00:00
WESTERN UNIV	UWO	ON	Academic	1	1	0	0	0	0	1	0	0:00:00	0:00:00	0:00:00
WESTERN WASHINGTON UNIV	XFF	WA	Academic	10	10	0	3	3	0	7	0	2:07:55	2:07:55	0:00:00
WESTLAKE PORTER PUB LIBR	OPW	OH	Public	1	1	0	0	0	0	1	0	0:00:00	0:00:00	0:00:00
WETHERSFIELD PUB LIBR	GWK	CT	Public	1	1	0	0	0	0	1	0	0:00:00	0:00:00	0:00:00
WHATCOM CNTY LIBR SYST	WC4	WA	Public	92	92	0	45	45	0	43	0	1:06:29	1:06:29	0:00:00
WHEATON COL	ICW	IL	Academic	2	2	0	2	2	0	0	0	2:12:00	2:12:00	0:00:00
WHITE PINE LIBR COOP	EZW	MI	Public	2	2	0	1	1	0	1	0	2:00:00	2:00:00	0:00:00
WHITMAN CNTY RURAL LIBR DIST	XQU	WA	Public	4	4	0	1	1	0	3	0	5:00:00	5:00:00	0:00:00
WHITMAN COL, PENROSE MEM LIBR	HTM	WA	Academic	21	21	0	9	9	0	12	0	0:05:17	0:05:17	0:00:00
WHITWORTH UNIV	WTV	WA	Academic	5	5	0	4	4	0	1	0	2:00:00	2:00:00	0:00:00
WICHITA PUB LIBR	KFW	KS	Public	8	8	0	7	7	0	1	0	0:10:19	0:10:19	0:00:00
WICHITA STATE UNIV	KSW	KS	Academic	1	1	0	0	0	0	1	0	0:00:00	0:00:00	0:00:00
WILLOW PUB LIBR	X#3	AK	Public	1	1	0	0	0	0	1	0	0:00:00	0:00:00	0:00:00
WILMETTE PUB LIBR DIST	GP5	IL	Public	1	1	0	0	0	0	1	0	0:00:00	0:00:00	0:00:00
WINFIELD PUB LIBR	JSI	IL	Public	1	1	0	1	1	0	0	0	1:00:00	1:00:00	0:00:00
WISCONSIN DEPT OF PUB INSTRUCTION	GZR	WI	State Library	8	8	0	2	2	0	6	0	3:12:00	3:12:00	0:00:00
WORTHINGTON PUB LIBR	OWR	OH	Public	1	1	0	1	1	0	0	0	4:00:00	4:00:00	0:00:00
YAKIMA VAL LIBRS	YVR	WA	Public	29	29	0	15	15	0	13	0	0:19:12	0:19:12	0:00:00
YORK CNTY LIBR	ZKD	SC	Public	2	2	0	1	1	0	1	0	0:00:00	0:00:00	0:00:00


